id,pred
2017_1112_1116,0.6461527094971864
2017_1112_1124,0.5396423443487877
2017_1112_1137,0.9234439552619719
2017_1112_1139,0.5974420661946236
2017_1112_1153,0.5594981749744297
2017_1112_1166,0.6790323834288081
2017_1112_1173,0.7416028597684905
2017_1112_1181,0.48674378833869525
2017_1112_1190,0.8956049511737013
2017_1112_1195,0.9260616462842574
2017_1112_1196,0.6337192492652273
2017_1112_1199,0.6305925048774677
2017_1112_1211,0.48169094333728235
2017_1112_1233,0.9154907073417006
2017_1112_1235,0.5667191398539217
2017_1112_1240,0.9725185759023453
2017_1112_1242,0.39823680281070395
2017_1112_1243,0.7256264356140607
2017_1112_1245,0.8841272383680827
2017_1112_1246,0.3842859542312036
2017_1112_1257,0.5297788517113711
2017_1112_1266,0.6929278943388532
2017_1112_1268,0.7123806146776593
2017_1112_1274,0.6744146372207133
2017_1112_1276,0.6437749547216302
2017_1112_1277,0.7597131923538856
2017_1112_1278,0.7717196786093219
2017_1112_1291,0.9831476113036454
2017_1112_1292,0.7656387347078011
2017_1112_1297,0.9376465732016955
2017_1112_1300,0.9759665473923619
2017_1112_1305,0.7541867426121142
2017_1112_1308,0.8801142509685549
2017_1112_1309,0.9780659601408522
2017_1112_1314,0.44489541158696466
2017_1112_1315,0.9623435675846319
2017_1112_1321,0.73431233299235
2017_1112_1323,0.44793287917933466
2017_1112_1329,0.6849654372059701
2017_1112_1332,0.5150037763998512
2017_1112_1343,0.8791263931778209
2017_1112_1344,0.7457949087162583
2017_1112_1345,0.6190789946329422
2017_1112_1348,0.7129395888390119
2017_1112_1355,0.9392229618314185
2017_1112_1371,0.6501559651351775
2017_1112_1374,0.5579620490517401
2017_1112_1376,0.7514693078385969
2017_1112_1388,0.6502353941895715
2017_1112_1407,0.9594885012341633
2017_1112_1411,0.9625041215739665
2017_1112_1413,0.9611931990496175
2017_1112_1417,0.5084780984206279
2017_1112_1423,0.812180889670639
2017_1112_1425,0.7086947949807652
2017_1112_1433,0.7286148279157579
2017_1112_1435,0.8054342968030476
2017_1112_1436,0.8852894436328902
2017_1112_1437,0.3753620177427123
2017_1112_1438,0.5114308458619299
2017_1112_1439,0.7444716236435692
2017_1112_1448,0.7879266892319283
2017_1112_1452,0.40435979654281295
2017_1112_1455,0.5812072565992736
2017_1112_1457,0.9485520345264099
2017_1112_1458,0.6251477201219593
2017_1112_1462,0.6811762309708891
2017_1116_1124,0.3924510753815863
2017_1116_1137,0.869229499717783
2017_1116_1139,0.44989240717047074
2017_1116_1153,0.4117348897407833
2017_1116_1166,0.5382761823253137
2017_1116_1173,0.6126327502113289
2017_1116_1181,0.3432237125666848
2017_1116_1190,0.825403310160288
2017_1116_1195,0.8734469045700585
2017_1116_1196,0.4880728113973566
2017_1116_1199,0.48471371103899896
2017_1116_1211,0.3386776306352496
2017_1116_1233,0.8565191368750399
2017_1116_1235,0.41886217055963915
2017_1116_1240,0.9512214007299442
2017_1116_1242,0.2672263273696103
2017_1116_1243,0.5930578855575575
2017_1116_1245,0.8078631131978928
2017_1116_1246,0.2559131910583282
2017_1116_1257,0.3830394316695356
2017_1116_1266,0.5542653275632763
2017_1116_1268,0.577141677902438
2017_1116_1274,0.5330260222482434
2017_1116_1276,0.498965705048682
2017_1116_1277,0.6353374850843798
2017_1116_1278,0.650701305658543
2017_1116_1291,0.9698320597561091
2017_1116_1292,0.6428884249467519
2017_1116_1297,0.8923170973882848
2017_1116_1300,0.9572239033737119
2017_1116_1305,0.6283498527828117
2017_1116_1308,0.8018009904892529
2017_1116_1309,0.9608949557949679
2017_1116_1314,0.306349624175559
2017_1116_1315,0.9336986831203743
2017_1116_1321,0.6036481825885156
2017_1116_1323,0.3089676719087665
2017_1116_1329,0.5450679264382305
2017_1116_1332,0.3691440520859882
2017_1116_1343,0.8003142417644455
2017_1116_1344,0.6178389086735208
2017_1116_1345,0.47245719510400275
2017_1116_1348,0.5778077159931141
2017_1116_1355,0.8949110431246157
2017_1116_1371,0.5059499989194529
2017_1116_1374,0.4102266464447448
2017_1116_1376,0.6249331245727718
2017_1116_1388,0.5060372935924169
2017_1116_1407,0.9288324067230169
2017_1116_1411,0.9339729894327948
2017_1116_1413,0.9317353145094521
2017_1116_1417,0.36308295701125515
2017_1116_1423,0.7043960140237335
2017_1116_1425,0.5727621641622205
2017_1116_1433,0.5966876380842258
2017_1116_1435,0.6952305649623409
2017_1116_1436,0.8096255402261462
2017_1116_1437,0.24876589886970812
2017_1116_1438,0.3658197790781451
2017_1116_1439,0.6161923251193651
2017_1116_1448,0.671846699590247
2017_1116_1452,0.27224630843475417
2017_1116_1455,0.43335089831898865
2017_1116_1457,0.9103929246786785
2017_1116_1458,0.47889560278933574
2017_1116_1462,0.5407242947376485
2017_1124_1137,0.9097171732784054
2017_1124_1139,0.5535235790769
2017_1124_1153,0.5148019588778486
2017_1124_1166,0.6386311896880421
2017_1124_1173,0.7056636672270459
2017_1124_1181,0.44202744291177
2017_1124_1190,0.877548439407707
2017_1124_1195,0.9127598841827884
2017_1124_1196,0.5910494345453203
2017_1124_1199,0.5877953678413113
2017_1124_1211,0.4370435257891817
2017_1124_1233,0.9004915465054225
2017_1124_1235,0.5221298190864475
2017_1124_1240,0.9672792674323071
2017_1124_1242,0.3560115232108092
2017_1124_1243,0.6883988186470289
2017_1124_1245,0.8643861091130489
2017_1124_1246,0.34269749370893665
2017_1124_1257,0.4848436472136527
2017_1124_1266,0.6533829456127349
2017_1124_1268,0.6741628046996695
2017_1124_1274,0.6337457061815925
2017_1124_1276,0.6015400196154079
2017_1124_1277,0.7253600540438668
2017_1124_1278,0.738492210536412
2017_1124_1291,0.9798928218582673
2017_1124_1292,0.7318337217667206
2017_1124_1297,0.9262630286582804
2017_1124_1300,0.9713652365049679
2017_1124_1305,0.7193353941072456
2017_1124_1308,0.8597978502051501
2017_1124_1309,0.9738558239051932
2017_1124_1314,0.4010197722010391
2017_1124_1315,0.9552536573472592
2017_1124_1321,0.6977723767248996
2017_1124_1323,0.40397568492357927
2017_1124_1329,0.6449205326767773
2017_1124_1332,0.47006897745834786
2017_1124_1343,0.8586694679618172
2017_1124_1344,0.7102109342426096
2017_1124_1345,0.5758451839831595
2017_1124_1348,0.6747621432537148
2017_1124_1355,0.9281051436669283
2017_1124_1371,0.6082171650137292
2017_1124_1374,0.5132455679446579
2017_1124_1376,0.7163775709331515
2017_1124_1388,0.6083003792832415
2017_1124_1407,0.9518879169397456
2017_1124_1411,0.9554430406456651
2017_1124_1413,0.9538970748992809
2017_1124_1417,0.4635684551911833
2017_1124_1423,0.7831881830846964
2017_1124_1425,0.6702139530943191
2017_1124_1433,0.6916203636750449
2017_1124_1435,0.7756877817103475
2017_1124_1436,0.8657162447782836
2017_1124_1437,0.3342150997244927
2017_1124_1438,0.4665079307227068
2017_1124_1439,0.7087747463862728
2017_1124_1448,0.7563133313866723
2017_1124_1452,0.36187570940033953
2017_1124_1455,0.5368905231642522
2017_1124_1457,0.9390299831618949
2017_1124_1458,0.5821377837563309
2017_1124_1462,0.6409021817231106
2017_1137_1139,0.10630521870956788
2017_1137_1153,0.0923944840009926
2017_1137_1166,0.1449786878555529
2017_1137_1173,0.1870107078642701
2017_1137_1181,0.07063961379435402
2017_1137_1190,0.4074417834447217
2017_1137_1195,0.5009602210711959
2017_1137_1196,0.12178199778866161
2017_1137_1199,0.12035118704574599
2017_1137_1211,0.06932289174331019
2017_1137_1233,0.4647412402668243
2017_1137_1235,0.09488550059225953
2017_1137_1240,0.739334148940619
2017_1137_1242,0.050369581456641166
2017_1137_1243,0.1748952032623341
2017_1137_1245,0.3794790567322389
2017_1137_1246,0.047640292445765176
2017_1137_1257,0.08282170802641287
2017_1137_1266,0.15316048943947824
2017_1137_1268,0.1656336827749949
2017_1137_1274,0.14238168208295343
2017_1137_1276,0.12652034718418848
2017_1137_1277,0.20217421447950312
2017_1137_1278,0.21318694735448618
2017_1137_1291,0.8238131457891197
2017_1137_1292,0.2075065083172456
2017_1137_1297,0.5465364797458637
2017_1137_1300,0.7649681863311839
2017_1137_1305,0.19737211376760155
2017_1137_1308,0.3704339313810794
2017_1137_1309,0.7813701940932012
2017_1137_1314,0.06035912895928264
2017_1137_1315,0.6719459469405141
2017_1137_1321,0.18134592825001383
2017_1137_1323,0.06106000730922634
2017_1137_1329,0.1484029570943971
2017_1137_1332,0.07843268382940805
2017_1137_1343,0.36826086779291134
2017_1137_1344,0.19037752658619622
2017_1137_1345,0.11524735619687942
2017_1137_1348,0.16601126816237166
2017_1137_1355,0.5532899879621569
2017_1137_1371,0.12964024291954446
2017_1137_1374,0.0918733360212226
2017_1137_1376,0.1950688443826838
2017_1137_1388,0.12967965278522553
2017_1137_1407,0.6549673302269047
2017_1137_1411,0.6729238383974552
2017_1137_1413,0.6650122921827314
2017_1137_1417,0.07656554977617203
2017_1137_1423,0.25738122691923293
2017_1137_1425,0.16317184920981853
2017_1137_1433,0.17707931210217787
2017_1137_1435,0.24913022019932274
2017_1137_1436,0.38216578934132217
2017_1137_1437,0.04595055638602574
2017_1137_1438,0.07740514979104351
2017_1137_1439,0.1893058405102539
2017_1137_1448,0.22945428005613555
2017_1137_1452,0.05160267799925444
2017_1137_1455,0.10009792792691441
2017_1137_1457,0.5964024570303438
2017_1137_1458,0.11790585933057329
2017_1137_1462,0.14620446287016542
2017_1139_1153,0.45196273311069346
2017_1139_1166,0.5787049504321781
2017_1139_1173,0.650774858942802
2017_1139_1181,0.38109419433561753
2017_1139_1190,0.8477998207057047
2017_1139_1195,0.8904981788687718
2017_1139_1196,0.5290514102630903
2017_1139_1199,0.5256998975434279
2017_1139_1211,0.3763339284406422
2017_1139_1233,0.8755261616707669
2017_1139_1235,0.4592427441089778
2017_1139_1240,0.9582940012297059
2017_1139_1242,0.3005486851183331
2017_1139_1243,0.6319695514738695
2017_1139_1245,0.8320517917196301
2017_1139_1246,0.28838001437122085
2017_1139_1257,0.4224771384569781
2017_1139_1266,0.5943491467507346
2017_1139_1268,0.6165913446803643
2017_1139_1274,0.573550294067291
2017_1139_1276,0.539894340076363
2017_1139_1277,0.672439308001805
2017_1139_1278,0.6870100372337422
2017_1139_1291,0.9742791927729791
2017_1139_1292,0.6796094118676062
2017_1139_1297,0.9070963061887033
2017_1139_1300,0.9634596103382295
2017_1139_1305,0.6657886355212665
2017_1139_1308,0.8265890282507994
2017_1139_1309,0.966614178063605
2017_1139_1314,0.3422718132524628
2017_1139_1315,0.943160153450559
2017_1139_1321,0.6421582192889501
2017_1139_1323,0.34504414378987236
2017_1139_1329,0.5853601009540546
2017_1139_1332,0.4080974270765211
2017_1139_1343,0.8252476957682845
2017_1139_1344,0.6557564410677132
2017_1139_1345,0.5134396675518038
2017_1139_1348,0.6172364555050779
2017_1139_1355,0.909370398346945
2017_1139_1371,0.5468262737797094
2017_1139_1374,0.45041995963124914
2017_1139_1376,0.6625312425455542
2017_1139_1388,0.5469128138283197
2017_1139_1407,0.93894290352329
2017_1139_1411,0.9433976881358922
2017_1139_1413,0.9414593989652489
2017_1139_1417,0.4018041097177164
2017_1139_1423,0.7373759880992037
2017_1139_1425,0.6123459754274304
2017_1139_1433,0.6354655650559123
2017_1139_1435,0.7288394669936615
2017_1139_1436,0.8336380324236562
2017_1139_1437,0.28066799496680583
2017_1139_1438,0.404647370252495
2017_1139_1439,0.6541817865202451
2017_1139_1448,0.7069473258785532
2017_1139_1452,0.30593329769183997
2017_1139_1455,0.4739890089937864
2017_1139_1457,0.9229056128841288
2017_1139_1458,0.5198861809977178
2017_1139_1462,0.58110552141949
2017_1153_1166,0.6109538855334994
2017_1153_1173,0.6805523161325362
2017_1153_1181,0.41312969855264026
2017_1153_1190,0.8642810942787345
2017_1153_1195,0.9028854194635343
2017_1153_1196,0.562225955896769
2017_1153_1199,0.558913697267311
2017_1153_1211,0.40823322111559424
2017_1153_1233,0.8893967282233809
2017_1153_1235,0.4926187105248897
2017_1153_1240,0.9633277692440352
2017_1153_1242,0.32941719351450616
2017_1153_1243,0.6625189487433369
2017_1153_1245,0.8499365246339596
2017_1153_1246,0.3166087653027787
2017_1153_1257,0.4554314946945538
2017_1153_1266,0.6261741239976608
2017_1153_1268,0.6477056560392385
2017_1153_1274,0.6059251141629818
2017_1153_1276,0.5729216660623397
2017_1153_1277,0.7012176113483524
2017_1153_1278,0.7150506706569184
2017_1153_1291,0.9774290467912624
2017_1153_1292,0.708031291277218
2017_1153_1297,0.9177792714839431
2017_1153_1300,0.9678907978305821
2017_1153_1305,0.6948861197477498
2017_1153_1308,0.8449470835754368
2017_1153_1309,0.9706744607103155
2017_1153_1314,0.37301071543053976
2017_1153_1315,0.9499250761790651
2017_1153_1321,0.6723004245516375
2017_1153_1323,0.37588973407708004
2017_1153_1329,0.617436373243534
2017_1153_1332,0.4407862154436357
2017_1153_1343,0.8437209033784107
2017_1153_1344,0.6853145301762702
2017_1153_1345,0.546771824466789
2017_1153_1348,0.6483282737643328
2017_1153_1355,0.9198149822132955
2017_1153_1371,0.5797433368595541
2017_1153_1374,0.48372830369803466
2017_1153_1376,0.6917810368646552
2017_1153_1388,0.5798284209616822
2017_1153_1407,0.9461811107521172
2017_1153_1411,0.9501358347892715
2017_1153_1413,0.9484156699052734
2017_1153_1417,0.4343587248715097
2017_1153_1423,0.7624644849558826
2017_1153_1425,0.6436056714642281
2017_1153_1433,0.6658781925394833
2017_1153_1435,0.7544719188406227
2017_1153_1436,0.851384018356189
2017_1153_1437,0.30846907063689466
2017_1153_1438,0.4372639599936132
2017_1153_1439,0.6838098884983479
2017_1153_1448,0.7338936423012987
2017_1153_1452,0.33507124548441625
2017_1153_1455,0.5074310230712336
2017_1153_1457,0.9319071357406137
2017_1153_1458,0.5531610528860521
2017_1153_1462,0.6132934910290582
2017_1166_1173,0.5595530824508129
2017_1166_1181,0.2956695943596783
2017_1166_1190,0.7915591768530512
2017_1166_1195,0.8471915204990899
2017_1166_1196,0.4337022436916136
2017_1166_1199,0.4304027345063802
2017_1166_1211,0.2914738471768519
2017_1166_1233,0.8274456280370623
2017_1166_1235,0.366679134030221
2017_1166_1240,0.9399929988824466
2017_1166_1242,0.22656935545711687
2017_1166_1243,0.5393129564556725
2017_1166_1245,0.7715599531206403
2017_1166_1246,0.21646897958578815
2017_1166_1257,0.33276380499888647
2017_1166_1266,0.49971891313970007
2017_1166_1268,0.5229854404406229
2017_1166_1274,0.47832677215425534
2017_1166_1276,0.44443515692694124
2017_1166_1277,0.5832525890981783
2017_1166_1278,0.5994272742536255
2017_1166_1291,0.9627197681942851
2017_1166_1292,0.591188062654108
2017_1166_1297,0.8693912178834331
2017_1166_1300,0.9473006746466804
2017_1166_1305,0.5759330736313406
2017_1166_1308,0.764686059627778
2017_1166_1309,0.9517804408781115
2017_1166_1314,0.2618674375772524
2017_1166_1315,0.9187811086521516
2017_1166_1321,0.5502412088624922
2017_1166_1323,0.26425016036413085
2017_1166_1329,0.4904307494806118
2017_1166_1332,0.3197470343130755
2017_1166_1343,0.7630031935297913
2017_1166_1344,0.5649660466050517
2017_1166_1345,0.41840442274053335
2017_1166_1348,0.5236663778177437
2017_1166_1355,0.8724584837080991
2017_1166_1371,0.4513437504327892
2017_1166_1374,0.3584558524794851
2017_1166_1376,0.5723624169840782
2017_1166_1388,0.4514302323451048
2017_1166_1407,0.912922047761732
2017_1166_1411,0.9191117862111547
2017_1166_1413,0.9164155341416085
2017_1166_1417,0.31409318808923736
2017_1166_1423,0.6568473069136174
2017_1166_1425,0.5185129652025302
2017_1166_1433,0.543052730286178
2017_1166_1435,0.6469465046375011
2017_1166_1436,0.7735620430791996
2017_1166_1437,0.21011223698026038
2017_1166_1438,0.31664432244247465
2017_1166_1439,0.5632526912367652
2017_1166_1448,0.6218728957033783
2017_1166_1452,0.23106641273991124
2017_1166_1455,0.38054480858784245
2017_1166_1457,0.8908446566458255
2017_1166_1458,0.424699230757534
2017_1166_1462,0.4860573287074903
2017_1173_1181,0.2446746891905398
2017_1173_1190,0.7455723065688591
2017_1173_1195,0.8105407092062116
2017_1173_1196,0.3714559538274049
2017_1173_1199,0.3683219981234177
2017_1173_1211,0.24095502859899676
2017_1173_1233,0.7872481398200986
2017_1173_1235,0.3088066922702253
2017_1173_1240,0.923592998384502
2017_1173_1242,0.18437259978592901
2017_1173_1243,0.4746126138118216
2017_1173_1245,0.7227064746077355
2017_1173_1246,0.17572594377490647
2017_1173_1257,0.2778954078596766
2017_1173_1266,0.4352805302954894
2017_1173_1268,0.4582952673153078
2017_1173_1274,0.4143621379421294
2017_1173_1276,0.3816866952892808
2017_1173_1277,0.5192220256289548
2017_1173_1278,0.5359044177937806
2017_1173_1291,0.9522152761936119
2017_1173_1292,0.5273887845460516
2017_1173_1297,0.8370407700003715
2017_1173_1300,0.9327549974228164
2017_1173_1305,0.5117193902546746
2017_1173_1308,0.714905732972041
2017_1173_1309,0.9383908196479762
2017_1173_1314,0.21492349465240235
2017_1173_1315,0.8972177590404979
2017_1173_1321,0.4856117980765887
2017_1173_1323,0.21700465201051977
2017_1173_1329,0.4261697933522267
2017_1173_1332,0.2661687487182888
2017_1173_1343,0.7130004747138681
2017_1173_1344,0.5005318815467206
2017_1173_1345,0.3569697177397263
2017_1173_1348,0.45897301904380483
2017_1173_1355,0.8407285842936659
2017_1173_1371,0.3883016252692072
2017_1173_1374,0.3012638973099696
2017_1173_1376,0.5080698723371342
2017_1173_1388,0.3883845785595811
2017_1173_1407,0.889989392423963
2017_1173_1411,0.897626448139164
2017_1173_1413,0.8942963881884392
2017_1173_1417,0.2610986563629796
2017_1173_1423,0.596297633695802
2017_1173_1425,0.45384965761205676
2017_1173_1433,0.4783696083234342
2017_1173_1435,0.5857515945347647
2017_1173_1436,0.7249841111022426
2017_1173_1437,0.1703055901703764
2017_1173_1438,0.2633846415546425
2017_1173_1439,0.4987898884364378
2017_1173_1448,0.5592925251916039
2017_1173_1452,0.18823595472599797
2017_1173_1455,0.3215952188999808
2017_1173_1457,0.8629704676839706
2017_1173_1458,0.36291700148546
2017_1173_1462,0.4218949686840652
2017_1181_1190,0.8965101521860559
2017_1181_1195,0.9267243665875954
2017_1181_1196,0.6359722544027073
2017_1181_1199,0.6328536002190935
2017_1181_1211,0.48411783167279965
2017_1181_1233,0.9162396066772617
2017_1181_1235,0.5691040449111524
2017_1181_1240,0.9727771365972567
2017_1181_1242,0.40056817700376446
2017_1181_1243,0.727557155629901
2017_1181_1245,0.8851191957977118
2017_1181_1246,0.38658812474624793
2017_1181_1257,0.5321992471784088
2017_1181_1266,0.6949919912521387
2017_1181_1268,0.7143678530931906
2017_1181_1274,0.6765450881467548
2017_1181_1276,0.6460006583214817
2017_1181_1277,0.7614828937623447
2017_1181_1278,0.7734273248408834
2017_1181_1291,0.983307884502975
2017_1181_1292,0.7673781576134431
2017_1181_1297,0.9382123842257595
2017_1181_1300,0.9761934617506154
2017_1181_1305,0.7559840727844029
2017_1181_1308,0.8811359439170935
2017_1181_1309,0.9782734939380113
2017_1181_1314,0.4472969007072909
2017_1181_1315,0.9626941881935941
2017_1181_1321,0.736204151958102
2017_1181_1323,0.4503374627574398
2017_1181_1329,0.6870588847383634
2017_1181_1332,0.5174309490844373
2017_1181_1343,0.8801553584942668
2017_1181_1344,0.7476330659712607
2017_1181_1345,0.6213682481828714
2017_1181_1348,0.7149245106624897
2017_1181_1355,0.939775387074916
2017_1181_1371,0.6523633290104454
2017_1181_1374,0.5603577624784393
2017_1181_1376,0.7532800073638599
2017_1181_1388,0.6524425248114001
2017_1181_1407,0.9598645967900441
2017_1181_1411,0.9628533049625164
2017_1181_1413,0.9615541028752334
2017_1181_1417,0.5109069141769769
2017_1181_1423,0.8136589498002544
2017_1181_1425,0.7106971576523993
2017_1181_1433,0.7305323283542706
2017_1181_1435,0.8069528302234364
2017_1181_1436,0.886272731523575
2017_1181_1437,0.3776435170418767
2017_1181_1438,0.5138590206553573
2017_1181_1439,0.7463160947665008
2017_1181_1448,0.7895461612932404
2017_1181_1452,0.4067027899808955
2017_1181_1455,0.5835710133218912
2017_1181_1457,0.9490242665557129
2017_1181_1458,0.6274224515569241
2017_1181_1462,0.6832832155718732
2017_1190_1195,0.5953916042742597
2017_1190_1196,0.16893365986668618
2017_1190_1199,0.16705424487277498
2017_1190_1211,0.09844008334912124
2017_1190_1233,0.5600067049293294
2017_1190_1235,0.13320285740216375
2017_1190_1240,0.8061162863428946
2017_1190_1242,0.0721430484310488
2017_1190_1243,0.23706026266762736
2017_1190_1245,0.4727018805140375
2017_1190_1246,0.06831883628668745
2017_1190_1257,0.11689656002211546
2017_1190_1266,0.20956224723714034
2017_1190_1268,0.2254061166787732
2017_1190_1274,0.19573155256064045
2017_1190_1276,0.1751407384038206
2017_1190_1277,0.2708524898146949
2017_1190_1278,0.284273272750859
2017_1190_1291,0.8726791205693775
2017_1190_1292,0.2773664270781171
2017_1190_1297,0.6385658682890296
2017_1190_1300,0.8267221296295657
2017_1190_1305,0.26496087228973175
2017_1190_1308,0.4630930210042884
2017_1190_1309,0.8397175354019691
2017_1190_1314,0.08605948344513603
2017_1190_1315,0.750158592402716
2017_1190_1321,0.24512268121857206
2017_1190_1323,0.08703114839965409
2017_1190_1329,0.2034736951034003
2017_1190_1332,0.11092016604465915
2017_1190_1343,0.4607742237635548
2017_1190_1344,0.2563360086266284
2017_1190_1345,0.16033083252832747
2017_1190_1348,0.22588307298848254
2017_1190_1355,0.6448394422434217
2017_1190_1371,0.17921358674130683
2017_1190_1374,0.1291478618782712
2017_1190_1376,0.26212645433518034
2017_1190_1388,0.17926496269387193
2017_1190_1407,0.7356353276621749
2017_1190_1411,0.7509897392313374
2017_1190_1413,0.7442488341784568
2017_1190_1417,0.10837059425486417
2017_1190_1423,0.33689418689377304
2017_1190_1425,0.2222925677470654
2017_1190_1433,0.2397950769332643
2017_1190_1435,0.3272173425875291
2017_1190_1436,0.47554282041707474
2017_1190_1437,0.06594644780178627
2017_1190_1438,0.10951759791114468
2017_1190_1439,0.25500997377068646
2017_1190_1448,0.30387000690044397
2017_1190_1452,0.07386771812162363
2017_1190_1455,0.14019417182903948
2017_1190_1457,0.6841600503730221
2017_1190_1458,0.16383673153439426
2017_1190_1462,0.20065158936673544
2017_1195_1196,0.12688630652513888
2017_1195_1199,0.12540408889175114
2017_1195_1211,0.07240974432627012
2017_1195_1233,0.4764221197837951
2017_1195_1235,0.09898955133500309
2017_1195_1240,0.7482684673748883
2017_1195_1242,0.05266022312315721
2017_1195_1243,0.18176492321262705
2017_1195_1245,0.3905806947211322
2017_1195_1246,0.049813325815133425
2017_1195_1257,0.08645380751371645
2017_1195_1266,0.15934135744171707
2017_1195_1268,0.17221554768938807
2017_1195_1274,0.1482036916416709
2017_1195_1276,0.1317934528343454
2017_1195_1277,0.20984292315462671
2017_1195_1278,0.22115758828635412
2017_1195_1291,0.8305157133286803
2017_1195_1292,0.21532288981254155
2017_1195_1297,0.5581295158703493
2017_1195_1300,0.7732933110679867
2017_1195_1305,0.20490545444244057
2017_1195_1308,0.3814336130956172
2017_1195_1309,0.7892743813328206
2017_1195_1314,0.06307388837318795
2017_1195_1315,0.6821971575748143
2017_1195_1321,0.18841116813956482
2017_1195_1323,0.06380414946231527
2017_1195_1329,0.15442684363631376
2017_1195_1332,0.0818894903786942
2017_1195_1343,0.37923489194347604
2017_1195_1344,0.19770965875829294
2017_1195_1345,0.12011523559889381
2017_1195_1348,0.1726050334361392
2017_1195_1355,0.5648478365264835
2017_1195_1371,0.13502327907614975
2017_1195_1374,0.09586090104574962
2017_1195_1376,0.20253645716163304
2017_1195_1388,0.13506407141156096
2017_1195_1407,0.6654849705318272
2017_1195_1411,0.6831589001422469
2017_1195_1413,0.6753754953893532
2017_1195_1417,0.0799472039796495
2017_1195_1423,0.266444661205712
2017_1195_1425,0.1696757810645999
2017_1195_1433,0.1840156888888289
2017_1195_1435,0.25800404784382236
2017_1195_1436,0.3932962094552015
2017_1195_1437,0.048050403953656895
2017_1195_1438,0.08082064090700536
2017_1195_1439,0.19660672115317124
2017_1195_1448,0.2378492679742239
2017_1195_1452,0.05394621120349352
2017_1195_1455,0.10440142510561001
2017_1195_1457,0.6076358709429148
2017_1195_1458,0.1228704355050445
2017_1195_1462,0.1521550539455898
2017_1196_1199,0.4907982355174406
2017_1196_1211,0.3441533384126786
2017_1196_1233,0.8594860708827379
2017_1196_1235,0.42480153934318043
2017_1196_1240,0.9523390253740789
2017_1196_1242,0.27202199349316036
2017_1196_1243,0.5989216663261667
2017_1196_1245,0.8116148798033431
2017_1196_1246,0.26057802793654183
2017_1196_1257,0.38881069207378005
2017_1196_1266,0.5602736282957221
2017_1196_1268,0.5830735708110362
2017_1196_1274,0.5390825402090734
2017_1196_1276,0.5050537821607689
2017_1196_1277,0.6409608685834534
2017_1196_1278,0.6562159666366536
2017_1196_1291,0.9705364812305133
2017_1196_1292,0.6484597955132243
2017_1196_1297,0.8946348529403848
2017_1196_1300,0.9582100396433635
2017_1196_1305,0.6340189197903897
2017_1196_1308,0.8056426510843686
2017_1196_1309,0.961799839035138
2017_1196_1314,0.31154888847997286
2017_1196_1315,0.9351904373404097
2017_1196_1321,0.6094598535801843
2017_1196_1323,0.3141912429404472
2017_1196_1329,0.5510997949974163
2017_1196_1332,0.37483314799941747
2017_1196_1343,0.8041776817559212
2017_1196_1344,0.623572256851377
2017_1196_1345,0.478530745135626
2017_1196_1348,0.5837370044665514
2017_1196_1355,0.8971794002910376
2017_1196_1371,0.512036204778237
2017_1196_1374,0.41613124720688244
2017_1196_1376,0.6306236719407948
2017_1196_1388,0.5121234610365244
2017_1196_1407,0.9304254917035537
2017_1196_1411,0.9354589984846163
2017_1196_1413,0.9332680865584095
2017_1196_1417,0.36873324030826204
2017_1196_1423,0.709441487543406
2017_1196_1425,0.5787106474060452
2017_1196_1433,0.6025341693640602
2017_1196_1435,0.7003659319590122
2017_1196_1436,0.813350843797639
2017_1196_1437,0.25334481165678646
2017_1196_1438,0.37148781149418175
2017_1196_1439,0.6219352600772159
2017_1196_1448,0.6771931357713108
2017_1196_1452,0.2770979964494096
2017_1196_1455,0.43934039605487374
2017_1196_1457,0.9123598303006915
2017_1196_1458,0.48497583124037147
2017_1196_1462,0.5467658663899881
2017_1199_1211,0.3398216328472675
2017_1199_1233,0.8571451897317524
2017_1199_1235,0.4201049658273406
2017_1199_1240,0.9514576559531263
2017_1199_1242,0.268226868081874
2017_1199_1243,0.5942889844667929
2017_1199_1245,0.8086540397196941
2017_1199_1246,0.25688622288887075
2017_1199_1257,0.38424621592654595
2017_1199_1266,0.5555258288773779
2017_1199_1268,0.5783866964062434
2017_1199_1274,0.5342961205335152
2017_1199_1276,0.5002415851796083
2017_1199_1277,0.63651907063542
2017_1199_1278,0.6518603877124354
2017_1199_1291,0.9699810203943638
2017_1199_1292,0.6440592510022716
2017_1199_1297,0.8928065004996234
2017_1199_1300,0.957432386972519
2017_1199_1305,0.6295408777709428
2017_1199_1308,0.802610774307376
2017_1199_1309,0.9610862746552584
2017_1199_1314,0.30743519167801925
2017_1199_1315,0.9340139208074513
2017_1199_1321,0.6048685890963326
2017_1199_1323,0.31005836974906253
2017_1199_1329,0.5463331484447269
2017_1199_1332,0.3703333362568133
2017_1199_1343,0.8011285933627343
2017_1199_1344,0.6190431958217273
2017_1199_1345,0.47372938122678
2017_1199_1348,0.5790522037816654
2017_1199_1355,0.8953900392150979
2017_1199_1371,0.5072256583614617
2017_1199_1374,0.4114619607394414
2017_1199_1376,0.6261285840793749
2017_1199_1388,0.5073129471258331
2017_1199_1407,0.9291690265034451
2017_1199_1411,0.9342870146872787
2017_1199_1413,0.9320592080029215
2017_1199_1417,0.36426398921088665
2017_1199_1423,0.7054575722353233
2017_1199_1425,0.574010559727452
2017_1199_1433,0.5979152009922266
2017_1199_1435,0.6963108471106779
2017_1199_1436,0.8104109143605741
2017_1199_1437,0.24972087556098588
2017_1199_1438,0.3670045838928825
2017_1199_1439,0.6173985878659041
2017_1199_1448,0.6729708791308693
2017_1199_1452,0.27325863571786657
2017_1199_1455,0.4346045332520796
2017_1199_1457,0.9108083872959339
2017_1199_1458,0.48016934575237014
2017_1199_1462,0.5419914462143676
2017_1211_1233,0.918287563452283
2017_1211_1235,0.5757091375817425
2017_1211_1240,0.9734827477533609
2017_1211_1242,0.40706508967328103
2017_1211_1243,0.7328734345795147
2017_1211_1245,0.8878349037063018
2017_1211_1246,0.393006953496573
2017_1211_1257,0.5389117102960531
2017_1211_1266,0.7006822991280682
2017_1211_1268,0.7198423962160665
2017_1211_1274,0.6824222862161575
2017_1211_1276,0.6521474948012598
2017_1211_1277,0.7663497658945313
2017_1211_1278,0.7781214894759415
2017_1211_1291,0.9837451018043764
2017_1211_1292,0.772160730279353
2017_1211_1297,0.9397584253456507
2017_1211_1300,0.9768126331560295
2017_1211_1305,0.7609279203232624
2017_1211_1308,0.8839334658357416
2017_1211_1309,0.9788397395626084
2017_1211_1314,0.45397772140218806
2017_1211_1315,0.9636513818657669
2017_1211_1321,0.7414116695834423
2017_1211_1323,0.4570261449128984
2017_1211_1329,0.6928317816573544
2017_1211_1332,0.5241658555422941
2017_1211_1343,0.8829728938043637
2017_1211_1344,0.7526907583463971
2017_1211_1345,0.6276962992364499
2017_1211_1348,0.720392560611885
2017_1211_1355,0.941284766490641
2017_1211_1371,0.6584580959003173
2017_1211_1374,0.5669949173355772
2017_1211_1376,0.758261121666941
2017_1211_1388,0.6585366299956922
2017_1211_1407,0.9608914428274922
2017_1211_1411,0.9638065695019229
2017_1211_1413,0.9625394106174299
2017_1211_1417,0.5176479934385863
2017_1211_1423,0.8177160378183486
2017_1211_1425,0.7162141063619685
2017_1211_1433,0.735811632643007
2017_1211_1435,0.8111220329469461
2017_1211_1436,0.8889645913833846
2017_1211_1437,0.3840068040609632
2017_1211_1438,0.5205975909161107
2017_1211_1439,0.7513914040453067
2017_1211_1448,0.7939953228009091
2017_1211_1452,0.4132306099075157
2017_1211_1455,0.5901140641309034
2017_1211_1457,0.9503141011833857
2017_1211_1458,0.633708965856244
2017_1211_1462,0.6890942450392299
2017_1233_1235,0.11297895424363436
2017_1233_1240,0.7750821942051334
2017_1233_1242,0.06054221284097727
2017_1233_1243,0.20479343808716022
2017_1233_1245,0.4262820814996431
2017_1233_1246,0.05729497361374347
2017_1233_1257,0.09886602529816657
2017_1233_1266,0.18015444248581236
2017_1233_1268,0.1943215396948258
2017_1233_1274,0.16785245651293357
2017_1233_1276,0.14964879052953306
2017_1233_1277,0.2354053157278111
2017_1233_1278,0.24766627863645252
2017_1233_1291,0.850321140645568
2017_1233_1292,0.24134893445344652
2017_1233_1297,0.5942130421931305
2017_1233_1300,0.798160480614068
2017_1233_1305,0.2300414877010042
2017_1233_1308,0.41687083155073457
2017_1233_1309,0.8128129333523664
2017_1233_1314,0.07239544359775663
2017_1233_1315,0.7133525927568036
2017_1233_1321,0.2120634892019797
2017_1233_1323,0.07322519366513913
2017_1233_1329,0.17473142325595592
2017_1233_1332,0.09371362908777958
2017_1233_1343,0.41460475491164916
2017_1233_1344,0.22220967222889476
2017_1233_1345,0.13663741075932312
2017_1233_1348,0.1947492585678372
2017_1233_1355,0.6007751645115984
2017_1233_1371,0.15323896026753636
2017_1233_1374,0.10946187232269289
2017_1233_1376,0.2274650210503466
2017_1233_1388,0.15328428057011534
2017_1233_1407,0.6975524096534124
2017_1233_1411,0.7142595428717138
2017_1233_1413,0.7069123723119968
2017_1233_1417,0.0915188489127845
2017_1233_1423,0.2963163899415008
2017_1233_1425,0.19153119433220978
2017_1233_1433,0.20725713215669084
2017_1233_1435,0.28730010102832315
2017_1233_1436,0.4290710513770044
2017_1233_1437,0.055282677106015865
2017_1233_1438,0.09250599702435536
2017_1233_1439,0.22100770955241744
2017_1233_1448,0.26567619967259837
2017_1233_1452,0.062008084016077936
2017_1233_1455,0.11905458620542131
2017_1233_1457,0.6422678474475167
2017_1233_1458,0.13971141915908092
2017_1233_1462,0.1722217689156441
2017_1235_1240,0.9603931801272355
2017_1235_1242,0.311985190220619
2017_1235_1243,0.6443986675246188
2017_1235_1245,0.8394404765154156
2017_1235_1246,0.29955178223048173
2017_1235_1257,0.4356634134636006
2017_1235_1266,0.6072592097710887
2017_1235_1268,0.6292351186783778
2017_1235_1274,0.5866619516936193
2017_1235_1276,0.5532347408931992
2017_1235_1277,0.6841846857080472
2017_1235_1278,0.6984672322479406
2017_1235_1291,0.9755942834522243
2017_1235_1292,0.6912157503948586
2017_1235_1297,0.9115345173261014
2017_1235_1300,0.9653082021671381
2017_1235_1305,0.6776581717856236
2017_1235_1308,0.8341701430238035
2017_1235_1309,0.9683084286448133
2017_1235_1314,0.35449132705972575
2017_1235_1315,0.9459781200854974
2017_1235_1321,0.6544313972559551
2017_1235_1323,0.357308864963493
2017_1235_1329,0.5983629231401573
2017_1235_1332,0.42116218776960324
2017_1235_1343,0.8328755942673144
2017_1235_1344,0.6678044982885317
2017_1235_1345,0.5268749280220508
2017_1235_1348,0.6298717258884357
2017_1235_1355,0.9137103056437272
2017_1235_1371,0.5601294388396078
2017_1235_1374,0.46377800639123834
2017_1235_1376,0.6744598999200495
2017_1235_1388,0.5602154815964836
2017_1235_1407,0.9419570830972733
2017_1235_1411,0.9462045501322004
2017_1235_1413,0.9443567099022151
2017_1235_1417,0.41480859074841525
2017_1235_1423,0.7476666737679054
2017_1235_1425,0.6250446143039722
2017_1235_1433,0.6478424054234184
2017_1235_1435,0.7393464082631964
2017_1235_1436,0.8409702703584926
2017_1235_1437,0.2916634511540791
2017_1235_1438,0.41767962079423493
2017_1235_1439,0.6662569062338849
2017_1235_1448,0.7179743023361015
2017_1235_1452,0.3174816961468363
2017_1235_1455,0.4874261063352654
2017_1235_1457,0.9266496503398161
2017_1235_1458,0.5333052353450948
2017_1235_1462,0.5941492590395571
2017_1240_1242,0.019206487348572443
2017_1240_1243,0.07257766203952898
2017_1240_1245,0.1841937991607996
2017_1240_1246,0.018133534731628154
2017_1240_1257,0.032262974739888484
2017_1240_1266,0.06259363409671514
2017_1240_1268,0.06828592345504747
2017_1240_1274,0.05775386718008757
2017_1240_1276,0.05076206749419632
2017_1240_1277,0.08555257263169047
2017_1240_1278,0.09093681903563633
2017_1240_1291,0.6332001457568524
2017_1240_1292,0.08814884130170808
2017_1240_1297,0.3079454362624803
2017_1240_1300,0.5457925542172319
2017_1240_1305,0.08323152528703415
2017_1240_1308,0.17846469521752995
2017_1240_1309,0.5688696157318438
2017_1240_1314,0.023166386408147166
2017_1240_1315,0.43059379189046354
2017_1240_1321,0.07560034745120159
2017_1240_1323,0.023446166191003037
2017_1240_1329,0.06044851400824092
2017_1240_1332,0.030464248936779348
2017_1240_1343,0.17710098293286525
2017_1240_1344,0.07987935269849611
2017_1240_1345,0.045884569070584025
2017_1240_1348,0.06845979924902201
2017_1240_1355,0.3137908448231881
2017_1240_1371,0.05212530377318092
2017_1240_1374,0.03600593190019108
2017_1240_1376,0.08212395296221142
2017_1240_1388,0.05214256126210126
2017_1240_1407,0.41205364311572845
2017_1240_1411,0.43168263701189213
2017_1240_1413,0.4229398019328764
2017_1240_1417,0.029702226319615388
2017_1240_1423,0.11344219841279457
2017_1240_1425,0.06715452744197348
2017_1240_1433,0.07359799251667998
2017_1240_1435,0.10912744817980136
2017_1240_1436,0.18591214652991095
2017_1240_1437,0.017471163678556167
2017_1240_1438,0.03004465391032085
2017_1240_1439,0.07936871234625664
2017_1240_1448,0.09905012239617106
2017_1240_1452,0.019692501246287963
2017_1240_1455,0.03944646113068473
2017_1240_1457,0.35298796819815015
2017_1240_1458,0.04702807397618958
2017_1240_1462,0.05946202816605328
2017_1242_1243,0.7956451363005878
2017_1242_1245,0.918254120583468
2017_1242_1246,0.4788513235371302
2017_1242_1257,0.6238699645766757
2017_1242_1266,0.7686304076939121
2017_1242_1268,0.7847769829664804
2017_1242_1274,0.7530546826165293
2017_1242_1276,0.7268178332736205
2017_1242_1277,0.8231531591155793
2017_1242_1278,0.8326878353843363
2017_1242_1291,0.9884906262946829
2017_1242_1292,0.8278687167832078
2017_1242_1297,0.9567814397727566
2017_1242_1300,0.9835482053139702
2017_1242_1305,0.8187376632891524
2017_1242_1308,0.9153098251890532
2017_1242_1309,0.9849955136177486
2017_1242_1314,0.5412642246598779
2017_1242_1315,0.9741087588186248
2017_1242_1321,0.8027170848333615
2017_1242_1323,0.5443144813872435
2017_1242_1329,0.7619565861288239
2017_1242_1332,0.609874238445532
2017_1242_1343,0.9145838327480386
2017_1242_1344,0.8120002082837394
2017_1242_1345,0.7052430444988439
2017_1242_1348,0.7852376749885253
2017_1242_1355,0.9578957928752047
2017_1242_1371,0.732329798930673
2017_1242_1374,0.6501379631850803
2017_1242_1376,0.8165602624054615
2017_1242_1388,0.7323982502205972
2017_1242_1407,0.9721198725460464
2017_1242_1411,0.974220493877528
2017_1242_1413,0.9733078368187134
2017_1242_1417,0.6036426384443416
2017_1242_1423,0.864243797442948
2017_1242_1425,0.7817346637913445
2017_1242_1433,0.7980831179994465
2017_1242_1435,0.8590427708570213
2017_1242_1436,0.9191053514439675
2017_1242_1437,0.46940556247147036
2017_1242_1438,0.6064661528384494
2017_1242_1439,0.8109341916031936
2017_1242_1448,0.8454332948216221
2017_1242_1452,0.49985468891751206
2017_1242_1455,0.6713907060803892
2017_1242_1457,0.9644670837149248
2017_1242_1458,0.7105807848118717
2017_1242_1462,0.7587672864940161
2017_1243_1245,0.7397128029840512
2017_1243_1246,0.18861609701988968
2017_1243_1257,0.2955924697137027
2017_1243_1266,0.45666188518862516
2017_1243_1268,0.47984652812027995
2017_1243_1274,0.43550838814929516
2017_1243_1276,0.4023109438505248
2017_1243_1277,0.5407781869252498
2017_1243_1278,0.5573502719160197
2017_1243_1291,0.9560028049821139
2017_1243_1292,0.5488969071336738
2017_1243_1297,0.8485048976516206
2017_1243_1300,0.937984536216294
2017_1243_1305,0.5333095851840645
2017_1243_1308,0.7322132090191172
2017_1243_1309,0.9432087547978998
2017_1243_1314,0.2298870274966034
2017_1243_1315,0.9049292867237357
2017_1243_1321,0.5072447744806683
2017_1243_1323,0.23207024900647444
2017_1243_1329,0.44745822139028835
2017_1243_1332,0.28341212583439057
2017_1243_1343,0.7303799933151569
2017_1243_1344,0.522154822442217
2017_1243_1345,0.3770728820294055
2017_1243_1348,0.48052787918527573
2017_1243_1355,0.8519791537403951
2017_1243_1371,0.4090468465366829
2017_1243_1374,0.3197900765733025
2017_1243_1376,0.5296731203309086
2017_1243_1388,0.40913126744860495
2017_1243_1407,0.8981817040375045
2017_1243_1411,0.9053105488485584
2017_1243_1413,0.9022032088844687
2017_1243_1417,0.2781380676273226
2017_1243_1423,0.6169474978066234
2017_1243_1425,0.4753753206454342
2017_1243_1433,0.4999935564079666
2017_1243_1435,0.6065849970976256
2017_1243_1436,0.7419006388960727
2017_1243_1437,0.18288635873156112
2017_1243_1438,0.280516600823397
2017_1243_1439,0.520415985509918
2017_1243_1448,0.5805036179539869
2017_1243_1452,0.2018190807860979
2017_1243_1455,0.3407619331979248
2017_1243_1457,0.8728874634418984
2017_1243_1458,0.38315552391518504
2017_1243_1462,0.44313476089735626
2017_1245_1246,0.07715924897165372
2017_1245_1257,0.1311381273072172
2017_1245_1266,0.2321258481937596
2017_1245_1268,0.24913794350144947
2017_1245_1274,0.21721522519142844
2017_1245_1276,0.19491206498131808
2017_1245_1277,0.2975312211755111
2017_1245_1278,0.31170881522518656
2017_1245_1291,0.8865602601750604
2017_1245_1292,0.3044189005480462
2017_1245_1297,0.6682686756755033
2017_1245_1300,0.8447222016417614
2017_1245_1305,0.29129111937788865
2017_1245_1308,0.49583084595922655
2017_1245_1309,0.8566018030539112
2017_1245_1314,0.0969566266942209
2017_1245_1315,0.7739372537728965
2017_1245_1321,0.2702062291717796
2017_1245_1323,0.09803812917347976
2017_1245_1329,0.22556881783548088
2017_1245_1332,0.12453630475300803
2017_1245_1343,0.4934987956353396
2017_1245_1344,0.28213815321224445
2017_1245_1345,0.1787926806622715
2017_1245_1348,0.24964893152121248
2017_1245_1355,0.6742896565282595
2017_1245_1371,0.19933358137491886
2017_1245_1374,0.14463755150691893
2017_1245_1376,0.28828550499298844
2017_1245_1388,0.19938932405277787
2017_1245_1407,0.760354667443325
2017_1245_1411,0.7747130527509271
2017_1245_1413,0.7684163177999878
2017_1245_1417,0.12171660414016172
2017_1245_1423,0.36680553203831223
2017_1245_1425,0.24580060851039964
2017_1245_1433,0.2645244891652079
2017_1245_1435,0.35673172898947136
2017_1245_1436,0.5083274942598911
2017_1245_1437,0.07450442390373002
2017_1245_1438,0.12298537929848175
2017_1245_1439,0.28072902919890763
2017_1245_1448,0.33231870272821384
2017_1245_1452,0.08336190769728924
2017_1245_1455,0.15677022786797234
2017_1245_1457,0.7118069554349155
2017_1245_1458,0.18261448055078944
2017_1245_1462,0.22252587424220216
2017_1246_1257,0.633325574082063
2017_1246_1266,0.7757549227686511
2017_1246_1268,0.7915391454358192
2017_1246_1274,0.7605093772298723
2017_1246_1276,0.7347856159400259
2017_1246_1277,0.8289723396916622
2017_1246_1278,0.8382549238066688
2017_1246_1291,0.9889424272960468
2017_1246_1292,0.8335641045633009
2017_1246_1297,0.9584256343214729
2017_1246_1300,0.9841909183703481
2017_1246_1305,0.8246711897724346
2017_1246_1308,0.9183971908124775
2017_1246_1309,0.9855825143077901
2017_1246_1314,0.5513029227646633
2017_1246_1315,0.975110905683373
2017_1246_1321,0.8090527292111365
2017_1246_1323,0.5543413891813771
2017_1246_1329,0.7692249053871638
2017_1246_1332,0.6194670817555963
2017_1246_1343,0.9176952844819879
2017_1246_1344,0.8181052839930906
2017_1246_1345,0.7135921240363899
2017_1246_1348,0.7919891994303596
2017_1246_1355,0.959499387839037
2017_1246_1371,0.7401942830505541
2017_1246_1374,0.659293848240284
2017_1246_1376,0.8225496168235031
2017_1246_1388,0.7402614364716315
2017_1246_1407,0.9731968830832235
2017_1246_1411,0.9752184259474993
2017_1246_1413,0.9743401675746
2017_1246_1417,0.6132915516338006
2017_1246_1423,0.8689261817176734
2017_1246_1425,0.7885666608214343
2017_1246_1433,0.8045313415694416
2017_1246_1435,0.8638762894829749
2017_1246_1436,0.9220661328974116
2017_1246_1437,0.4795045993519721
2017_1246_1438,0.6160900455138496
2017_1246_1439,0.8170660860273373
2017_1246_1448,0.8506523579231233
2017_1246_1452,0.509979178428289
2017_1246_1455,0.680263936892108
2017_1246_1457,0.9658293303092975
2017_1246_1458,0.718838947788955
2017_1246_1462,0.7661030936546187
2017_1257_1266,0.6699212052696111
2017_1257_1268,0.690179724830875
2017_1257_1274,0.6507200529208341
2017_1257_1276,0.6191098919744853
2017_1257_1277,0.7398315255048135
2017_1257_1278,0.7525078138676428
2017_1257_1291,0.9812981192694683
2017_1257_1292,0.7460834882478575
2017_1257_1297,0.9311531831739077
2017_1257_1300,0.9733503206967786
2017_1257_1305,0.7340079084003022
2017_1257_1308,0.8684699773529853
2017_1257_1309,0.9756725740832162
2017_1257_1314,0.41888993745554837
2017_1257_1315,0.9583077252396377
2017_1257_1321,0.7131225932550314
2017_1257_1323,0.42188479495891174
2017_1257_1329,0.6616534748999197
2017_1257_1332,0.4885066447440878
2017_1257_1343,0.8674006266088197
2017_1257_1344,0.7251782147407047
2017_1257_1345,0.5937829468029561
2017_1257_1348,0.6907631159627403
2017_1257_1355,0.9328819835041124
2017_1257_1371,0.6256758260977384
2017_1257_1374,0.5316776534272147
2017_1257_1376,0.7311469209084955
2017_1257_1388,0.6257576138609051
2017_1257_1407,0.9551609233911496
2017_1257_1411,0.9584847443390045
2017_1257_1413,0.9570395694225241
2017_1257_1417,0.4819830526937463
2017_1257_1423,0.7954717318421556
2017_1257_1425,0.6863346706564875
2017_1257_1433,0.7071519051885014
2017_1257_1435,0.7882813952206033
2017_1257_1436,0.8740759080016203
2017_1257_1437,0.35085206589480034
2017_1257_1438,0.48493373789018435
2017_1257_1439,0.723787355537723
2017_1257_1448,0.769671700625186
2017_1257_1452,0.3791055630309217
2017_1257_1455,0.5552031978843732
2017_1257_1457,0.9431254359796832
2017_1257_1458,0.5999942851181814
2017_1257_1462,0.6577239869984981
2017_1266_1268,0.5246791910915951
2017_1266_1274,0.48002143449981227
2017_1266_1276,0.4461124273032495
2017_1266_1277,0.5849021948467872
2017_1266_1278,0.6010566482492694
2017_1266_1291,0.9629627154939235
2017_1266_1292,0.5928281856294906
2017_1266_1297,0.8701603406470485
2017_1266_1300,0.9476386397162937
2017_1266_1305,0.5775906691774186
2017_1266_1308,0.7659057426596376
2017_1266_1309,0.9520911297900994
2017_1266_1314,0.26318210140791465
2017_1266_1315,0.9192863883942105
2017_1266_1321,0.5519210981356493
2017_1266_1323,0.2655724824423521
2017_1266_1329,0.4921278405477394
2017_1266_1332,0.3212258188088384
2017_1266_1343,0.7642289098151429
2017_1266_1344,0.5666342537560267
2017_1266_1345,0.42005773192484064
2017_1266_1348,0.5253599049622545
2017_1266_1355,0.8732121782318103
2017_1266_1371,0.45302583295377163
2017_1266_1374,0.3600189132524262
2017_1266_1376,0.5740236465406177
2017_1266_1388,0.45311237099255075
2017_1266_1407,0.9134603446952425
2017_1266_1411,0.919615188725974
2017_1266_1413,0.9169342000976279
2017_1266_1417,0.3155579540789041
2017_1266_1423,0.6583762297029676
2017_1266_1425,0.5202080274319143
2017_1266_1433,0.5447372541352822
2017_1266_1435,0.6484959339681589
2017_1266_1436,0.7747492718276237
2017_1266_1437,0.21124143078330238
2017_1266_1438,0.31811546782648226
2017_1266_1439,0.5649224088938234
2017_1266_1448,0.6234683199925347
2017_1266_1452,0.23227510431554366
2017_1266_1455,0.38214681459676847
2017_1266_1457,0.8915032114343511
2017_1266_1458,0.42635917909615706
2017_1266_1462,0.4877537718712297
2017_1268_1274,0.45853843989395116
2017_1268_1276,0.4249069019823074
2017_1268_1277,0.5638149119720424
2017_1268_1278,0.5802010166654781
2017_1268_1291,0.9597598746690473
2017_1268_1292,0.571848810056355
2017_1268_1297,0.8600982308827154
2017_1268_1300,0.9431888120705079
2017_1268_1305,0.5564136463589321
2017_1268_1308,0.750084714478665
2017_1268_1309,0.9479989245900216
2017_1268_1314,0.24679754700618917
2017_1268_1315,0.9126491978484907
2017_1268_1321,0.5305032339725353
2017_1268_1323,0.24908942188621108
2017_1268_1329,0.47059338702853326
2017_1268_1332,0.3027122984116054
2017_1268_1343,0.7483317925838154
2017_1268_1344,0.545340323776853
2017_1268_1345,0.3991980901314912
2017_1268_1348,0.5038138314470028
2017_1268_1355,0.86334943383624
2017_1268_1371,0.4317478419996481
2017_1268_1374,0.3403907988562901
2017_1268_1376,0.5528062513345944
2017_1268_1388,0.4318335244270831
2017_1268_1407,0.9063928537198599
2017_1268_1411,0.9130024771427673
2017_1268_1413,0.9101224966887794
2017_1268_1417,0.2972280535943346
2017_1268_1423,0.6387159596812002
2017_1268_1425,0.49865126519799696
2017_1268_1433,0.5232726075127656
2017_1268_1435,0.6285878277685836
2017_1268_1436,0.7593381222231214
2017_1268_1437,0.19722493228083882
2017_1268_1438,0.2997020590506315
2017_1268_1439,0.5436121134964599
2017_1268_1448,0.6030104693693269
2017_1268_1452,0.2172473611915725
2017_1268_1455,0.361994677725355
2017_1268_1457,0.8828724624984016
2017_1268_1458,0.4054053612084877
2017_1268_1462,0.46623500998354683
2017_1274_1276,0.44766431369586746
2017_1274_1277,0.5864257187572837
2017_1274_1278,0.6025611690682329
2017_1274_1291,0.963185987935871
2017_1274_1292,0.5943427946461893
2017_1274_1297,0.8708680347000485
2017_1274_1300,0.9479492972270974
2017_1274_1305,0.5791217185082886
2017_1274_1308,0.7670295417585915
2017_1274_1309,0.9523766984339936
2017_1274_1314,0.2644013990800189
2017_1274_1315,0.919751013726277
2017_1274_1321,0.553473259851994
2017_1274_1323,0.2667988445233044
2017_1274_1329,0.49369712195924287
2017_1274_1332,0.32259629190487227
2017_1274_1343,0.7653582926231721
2017_1274_1344,0.5681753252212975
2017_1274_1345,0.42158796928334985
2017_1274_1348,0.5269252108866398
2017_1274_1355,0.8739056486116554
2017_1274_1371,0.4545820311553114
2017_1274_1374,0.36146675578142273
2017_1274_1376,0.5755581239831262
2017_1274_1388,0.45466861936014913
2017_1274_1407,0.9139553683791822
2017_1274_1411,0.9200780858815011
2017_1274_1413,0.9174111492639787
2017_1274_1417,0.316915535979739
2017_1274_1423,0.6597869393114971
2017_1274_1425,0.5217748577064476
2017_1274_1433,0.5462938441811969
2017_1274_1435,0.6499257492196157
2017_1274_1436,0.7758430415613728
2017_1274_1437,0.21228942353018088
2017_1274_1438,0.3194789167422737
2017_1274_1439,0.5664649102572451
2017_1274_1448,0.6249410611070063
2017_1274_1452,0.23339656982585966
2017_1274_1455,0.3836303025469032
2017_1274_1457,0.8921089993875926
2017_1274_1458,0.4278954348780125
2017_1274_1462,0.48932254384747165
2017_1276_1277,0.6344178338438425
2017_1276_1278,0.6497990436196434
2017_1276_1291,0.9697157685774258
2017_1276_1292,0.6419770856243847
2017_1276_1297,0.8919352966536864
2017_1276_1300,0.9570611621788172
2017_1276_1305,0.62742291338872
2017_1276_1308,0.8011697676737826
2017_1276_1309,0.9607456083336737
2017_1276_1314,0.30550722338736735
2017_1276_1315,0.9334526627268496
2017_1276_1321,0.6026985891954735
2017_1276_1323,0.3081212698721296
2017_1276_1329,0.5440839852179408
2017_1276_1332,0.3682206412055109
2017_1276_1343,0.7996794669427698
2017_1276_1344,0.6169017370782343
2017_1276_1345,0.47146848941842356
2017_1276_1348,0.576839611973377
2017_1276_1355,0.8945373524876713
2017_1276_1371,0.5049582926271254
2017_1276_1374,0.40926713827446315
2017_1276_1376,0.6240027627551219
2017_1276_1388,0.5050455911082107
2017_1276_1407,0.928569710730296
2017_1276_1411,0.9337279146464138
2017_1276_1413,0.9314825433797052
2017_1276_1417,0.3621660037349358
2017_1276_1423,0.7035692647910163
2017_1276_1425,0.5717910646714786
2017_1276_1433,0.5957325366230236
2017_1276_1435,0.6943893033198427
2017_1276_1436,0.8090133012113545
2017_1276_1437,0.24802522367675817
2017_1276_1438,0.36489987390378986
2017_1276_1439,0.6152536301395541
2017_1276_1448,0.6709714388150226
2017_1276_1452,0.27146098511574923
2017_1276_1455,0.43237695563544665
2017_1276_1457,0.9100687544241233
2017_1276_1458,0.47790562935733194
2017_1276_1462,0.5397388918258139
2017_1277_1278,0.5270141995571885
2017_1277_1291,0.9505642527909509
2017_1277_1292,0.5184820114634393
2017_1277_1297,0.8321119450824348
2017_1277_1300,0.9304806853944597
2017_1277_1305,0.5027957158111869
2017_1277_1308,0.7075733920706
2017_1277_1309,0.9362940998850704
2017_1277_1314,0.2089605743477425
2017_1277_1315,0.8938782768128296
2017_1277_1321,0.4766989225703173
2017_1277_1323,0.21099950976493265
2017_1277_1329,0.41746249272679037
2017_1277_1332,0.2592535667311092
2017_1277_1343,0.7056393086506104
2017_1277_1344,0.49160687807859105
2017_1277_1345,0.348816828802225
2017_1277_1348,0.4501212292677723
2017_1277_1355,0.8358894313804344
2017_1277_1371,0.3798558634007829
2017_1277_1374,0.29380197764575633
2017_1277_1376,0.49914478185696654
2017_1277_1388,0.37993813308675684
2017_1277_1407,0.8864447786514666
2017_1277_1411,0.8942986802072833
2017_1277_1413,0.8908735327717668
2017_1277_1417,0.2542695560500502
2017_1277_1423,0.5876741929080963
2017_1277_1425,0.44501540274898166
2017_1277_1433,0.46946834051031927
2017_1277_1435,0.5770626606964151
2017_1277_1436,0.7178086609637515
2017_1277_1437,0.16531989239248446
2017_1277_1438,0.2565165075651812
2017_1277_1439,0.48986548214904413
2017_1277_1448,0.5504745208206139
2017_1277_1452,0.18284102092201893
2017_1277_1455,0.3138559152009399
2017_1277_1457,0.8586935092780513
2017_1277_1458,0.3547032075672921
2017_1277_1462,0.4132121153211843
2017_1278_1291,0.944615771703006
2017_1278_1292,0.4885178100539527
2017_1278_1297,0.8146890050181685
2017_1278_1300,0.9223131006535469
2017_1278_1305,0.4728478375360693
2017_1278_1308,0.6821628042430519
2017_1278_1309,0.9287572190504441
2017_1278_1314,0.1898322104935738
2017_1278_1315,0.8819559512107553
2017_1278_1321,0.4469082832790575
2017_1278_1323,0.19172973917130953
2017_1278_1329,0.38862457224100555
2017_1278_1332,0.23690011331680028
2017_1278_1343,0.6801366316520937
2017_1278_1344,0.461706579851046
2017_1278_1345,0.32209893341849005
2017_1278_1348,0.4206563800352783
2017_1278_1355,0.8187731301111827
2017_1278_1371,0.35204582253827643
2017_1278_1374,0.26955366474026055
2017_1278_1376,0.4692091476628779
2017_1278_1388,0.3521254890993796
2017_1278_1407,0.8738052308045623
2017_1278_1411,0.8824173723395511
2017_1278_1413,0.8786594607817311
2017_1278_1417,0.23221112191475546
2017_1278_1423,0.558348026596239
2017_1278_1425,0.4156321510793267
2017_1278_1433,0.43974984686626806
2017_1278_1435,0.5475628135882709
2017_1278_1436,0.6929014587931808
2017_1278_1437,0.14943176281731108
2017_1278_1438,0.23432439602592925
2017_1278_1439,0.4599752708963507
2017_1278_1448,0.520660617964351
2017_1278_1452,0.1656031026862046
2017_1278_1455,0.28862895027158797
2017_1278_1457,0.8435103442041769
2017_1278_1458,0.3277613786511936
2017_1278_1462,0.38447402332337166
2017_1291_1292,0.051832270158648996
2017_1291_1297,0.20103940940591525
2017_1291_1300,0.40458819391643575
2017_1291_1305,0.04883235383753726
2017_1291_1308,0.10940310908827855
2017_1291_1309,0.4273117224064443
2017_1291_1314,0.013233493453800538
2017_1291_1315,0.2995383028578168
2017_1291_1321,0.044203033285201365
2017_1291_1323,0.013394958931025047
2017_1291_1329,0.03510488538781387
2017_1291_1332,0.017458224689106516
2017_1291_1343,0.10849742620471059
2017_1291_1344,0.04679490009850562
2017_1291_1345,0.026474957506004815
2017_1291_1348,0.03990000001368221
2017_1291_1355,0.20545798873172638
2017_1291_1371,0.030159247736026074
2017_1291_1374,0.020684486091554155
2017_1291_1376,0.04815848945070467
2017_1291_1388,0.030169464240752952
2017_1291_1407,0.28382826288905383
2017_1291_1411,0.3004706244499459
2017_1291_1413,0.29301509056941244
2017_1291_1417,0.01701582077790087
2017_1291_1423,0.06747609753178985
2017_1291_1425,0.039116391205277656
2017_1291_1433,0.042993592245204604
2017_1291_1435,0.06478190699801578
2017_1291_1436,0.1143697889826154
2017_1291_1437,0.009955286040481015
2017_1291_1438,0.017214585639788282
2017_1291_1439,0.04648507194061002
2017_1291_1448,0.05853060321333636
2017_1291_1452,0.011231955794222648
2017_1291_1455,0.02269544999803841
2017_1291_1457,0.23577227799975653
2017_1291_1458,0.027148512540945968
2017_1291_1462,0.03451679893521464
2017_1292_1297,0.8188107039637909
2017_1292_1300,0.9242635522779165
2017_1292_1305,0.47971714251582365
2017_1292_1308,0.6881036758428296
2017_1292_1309,0.9305580622814368
2017_1292_1314,0.19410391130495752
2017_1292_1315,0.8847930690647959
2017_1292_1321,0.4537250985612674
2017_1292_1323,0.1960338073537825
2017_1292_1329,0.39518757872376087
2017_1292_1332,0.24191470086176803
2017_1292_1343,0.6860979483539368
2017_1292_1344,0.4685578942678845
2017_1292_1345,0.32814146597570304
2017_1292_1348,0.42738218408955
2017_1292_1355,0.8228237451752081
2017_1292_1371,0.3583531752689697
2017_1292_1374,0.275010350213709
2017_1292_1376,0.47607333062112844
2017_1292_1388,0.35843347959306815
2017_1292_1407,0.8768108838973739
2017_1292_1411,0.8852448431796553
2017_1292_1413,0.8815651683918517
2017_1292_1417,0.23715730154796255
2017_1292_1423,0.5651278511316429
2017_1292_1425,0.42233618454636057
2017_1292_1433,0.44654562815912624
2017_1292_1435,0.5543760636888633
2017_1292_1436,0.6987302549817028
2017_1292_1437,0.15296599956040047
2017_1292_1438,0.23930155951435284
2017_1292_1439,0.46682317425902964
2017_1292_1448,0.527529425843777
2017_1292_1452,0.16944361766735405
2017_1292_1455,0.29431619497602823
2017_1292_1457,0.8471112990679712
2017_1292_1458,0.3338578225877623
2017_1292_1462,0.39101176534061044
2017_1297_1300,0.7344171456525369
2017_1297_1305,0.17282119260708684
2017_1297_1308,0.3332952110177747
2017_1297_1309,0.752260723584312
2017_1297_1314,0.051752216207892277
2017_1297_1315,0.6350715750208591
2017_1297_1321,0.15839508361849164
2017_1297_1323,0.052358721739040326
2017_1297_1329,0.1289645356935567
2017_1297_1332,0.06743352495194765
2017_1297_1343,0.3312253902285093
2017_1297_1344,0.16651615143569665
2017_1297_1345,0.0996436412544337
2017_1297_1348,0.14465822131443917
2017_1297_1355,0.5127496289495314
2017_1297_1371,0.112335250630056
2017_1297_1374,0.0791511887553159
2017_1297_1376,0.17074347701255033
2017_1297_1388,0.11237007906613095
2017_1297_1407,0.6172715261189301
2017_1297_1411,0.6360998572292791
2017_1297_1413,0.6277902669952926
2017_1297_1417,0.06580953385477761
2017_1297_1423,0.22748141879683292
2017_1297_1425,0.14212178250364116
2017_1297_1433,0.1545664929442112
2017_1297_1435,0.21990508987738855
2017_1297_1436,0.3444944757984181
2017_1297_1437,0.03931227563446282
2017_1297_1438,0.06653968484746653
2017_1297_1439,0.16555132129988237
2017_1297_1448,0.20191662027821466
2017_1297_1452,0.044185676353481806
2017_1297_1455,0.0863451686004566
2017_1297_1457,0.5566394649360209
2017_1297_1458,0.10198369095461934
2017_1297_1462,0.1270110603493949
2017_1300_1305,0.07077809595014495
2017_1300_1308,0.1541581547775288
2017_1300_1309,0.5253959957504484
2017_1300_1314,0.019508892395074695
2017_1300_1315,0.38817307348566643
2017_1300_1321,0.06420875503288848
2017_1300_1323,0.019745393595023697
2017_1300_1329,0.051213537880752
2017_1300_1332,0.025684868610490907
2017_1300_1343,0.1529455990675408
2017_1300_1344,0.06789034575409081
2017_1300_1345,0.03878274541592219
2017_1300_1348,0.05807655919159849
2017_1300_1355,0.277273790133558
2017_1300_1371,0.04410221266535708
2017_1300_1374,0.030384391678849654
2017_1300_1376,0.06982362132499609
2017_1300_1388,0.044116937523751454
2017_1300_1407,0.37027169954618644
2017_1300_1411,0.3892279751173485
2017_1300_1413,0.3807688899269627
2017_1300_1417,0.02503930832373691
2017_1300_1423,0.09694653578281598
2017_1300_1425,0.05695715241403865
2017_1300_1433,0.062487722830828374
2017_1300_1435,0.09319324259079398
2017_1300_1436,0.1607898008451618
2017_1300_1437,0.0146992972813903
2017_1300_1438,0.025329381926067707
2017_1300_1439,0.06745072855860101
2017_1300_1448,0.08444787301667445
2017_1300_1452,0.016574156207240565
2017_1300_1455,0.03330631655922145
2017_1300_1457,0.31399666048781105
2017_1300_1458,0.03975663816162245
2017_1300_1462,0.050369682073213906
2017_1305_1308,0.7086551646258064
2017_1305_1309,0.9366055729596523
2017_1305_1314,0.20982702467036307
2017_1305_1315,0.8943737354986724
2017_1305_1321,0.4780046962438518
2017_1305_1323,0.21187215005934712
2017_1305_1329,0.4187358437660742
2017_1305_1332,0.2602599444610125
2017_1305_1343,0.7067252704561469
2017_1305_1344,0.49291502293205025
2017_1305_1345,0.3500066001839298
2017_1305_1348,0.4514170024328107
2017_1305_1355,0.8366061384907231
2017_1305_1371,0.38108954700899267
2017_1305_1374,0.29488907715408297
2017_1305_1376,0.5004532399689195
2017_1305_1388,0.38117191965758257
2017_1305_1407,0.8869705542499805
2017_1305_1411,0.894792407137203
2017_1305_1413,0.8913813152820397
2017_1305_1417,0.2552632537622286
2017_1305_1423,0.5889418361331944
2017_1305_1425,0.4463084074805802
2017_1305_1433,0.4707721260569635
2017_1305_1435,0.5783395199108086
2017_1305_1436,0.7188676140362452
2017_1305_1437,0.16604337104532718
2017_1305_1438,0.25751595414643247
2017_1305_1439,0.4911734700529402
2017_1305_1448,0.5517693007604435
2017_1305_1452,0.1836243077885682
2017_1305_1455,0.3149841204070596
2017_1305_1457,0.859327386111349
2017_1305_1458,0.3559020832531202
2017_1305_1462,0.4144817262214674
2017_1308_1309,0.8626603652326861
2017_1308_1314,0.10144323044059278
2017_1308_1315,0.7826020027996847
2017_1308_1321,0.2802220965171567
2017_1308_1323,0.1025690944490466
2017_1308_1329,0.2344616624772623
2017_1308_1332,0.13011525370591082
2017_1308_1343,0.5060522093391981
2017_1308_1344,0.29241908848060416
2017_1308_1345,0.18628500812270943
2017_1308_1348,0.25917340492663266
2017_1308_1355,0.685220353097802
2017_1308_1371,0.20746921361029602
2017_1308_1374,0.15096171418265802
2017_1308_1376,0.2986972387138822
2017_1308_1388,0.20752664169247403
2017_1308_1407,0.7693848943692997
2017_1308_1411,0.7833563899110874
2017_1308_1413,0.7772317687338349
2017_1308_1417,0.12718758805344732
2017_1308_1423,0.3785447836664867
2017_1308_1425,0.2552282025565906
2017_1308_1433,0.2744089390797737
2017_1308_1435,0.368336123293186
2017_1308_1436,0.5208702069499607
2017_1308_1437,0.07804185479069403
2017_1308_1438,0.12850504858452128
2017_1308_1439,0.2909794302060976
2017_1308_1448,0.3435530823316051
2017_1308_1452,0.08728022679549119
2017_1308_1455,0.1635234657634006
2017_1308_1457,0.7219976863620285
2017_1308_1458,0.19022986208336623
2017_1308_1462,0.23133458909671267
2017_1309_1314,0.017114172616420897
2017_1309_1315,0.3570018276873098
2017_1309_1321,0.056644105155183255
2017_1309_1323,0.017322156132426048
2017_1309_1329,0.04510610206690746
2017_1309_1332,0.022549481672613503
2017_1309_1343,0.13645095269018803
2017_1309_1344,0.059919728144713025
2017_1309_1345,0.03410444905508925
2017_1309_1348,0.05119484025759491
2017_1309_1355,0.25134949507182613
2017_1309_1371,0.038808145143660266
2017_1309_1374,0.02669104324958138
2017_1309_1376,0.06164103887534145
2017_1309_1388,0.03882117420301123
2017_1309_1407,0.33973973890818776
2017_1309_1411,0.3580215884187391
2017_1309_1413,0.34985223140069277
2017_1309_1417,0.021980947950361207
2017_1309_1423,0.0858788952352193
2017_1309_1425,0.05020100700128427
2017_1309_1433,0.05511389187150817
2017_1309_1435,0.08251493463217463
2017_1309_1436,0.14359259352704012
2017_1309_1437,0.012887196392753708
2017_1309_1438,0.022236399351874714
2017_1309_1439,0.05952842767364086
2017_1309_1448,0.07468909564100124
2017_1309_1452,0.01453433576505625
2017_1309_1455,0.02926851719414758
2017_1309_1457,0.2859975827557544
2017_1309_1458,0.03496513618597574
2017_1309_1462,0.04435817484349902
2017_1314_1315,0.9692190673022397
2017_1314_1321,0.773002015737234
2017_1314_1323,0.4999253142229988
2017_1314_1329,0.728181055000797
2017_1314_1332,0.5667886143250456
2017_1314_1343,0.8996110846028945
2017_1314_1344,0.7833059224819364
2017_1314_1345,0.6669379837259755
2017_1314_1348,0.7536976593118219
2017_1314_1355,0.9501010475229067
2017_1314_1371,0.6960275844700805
2017_1314_1374,0.6086456198868788
2017_1314_1376,0.7883805871709438
2017_1314_1388,0.6961014668772754
2017_1314_1407,0.9668673456003222
2017_1314_1411,0.9693512401588498
2017_1314_1413,0.9682718138476453
2017_1314_1417,0.5603649058745038
2017_1314_1423,0.8419715651567623
2017_1314_1425,0.7498440865060622
2017_1314_1433,0.7678719125212687
2017_1314_1435,0.836079097467304
2017_1314_1436,0.904842724183117
2017_1314_1437,0.42542210310114015
2017_1314_1438,0.5632736687076283
2017_1314_1439,0.782120858141421
2017_1314_1448,0.8207151959310479
2017_1314_1452,0.45546725836986013
2017_1314_1455,0.630988250976972
2017_1314_1457,0.9578353306554152
2017_1314_1458,0.6726474104174103
2017_1314_1462,0.7247027298705515
2017_1315_1321,0.09718247281501324
2017_1315_1323,0.030632883462218374
2017_1315_1329,0.07807045727377993
2017_1315_1332,0.039714663795816674
2017_1315_1343,0.2207398889957055
2017_1315_1344,0.10254752138698087
2017_1315_1345,0.059529838522580425
2017_1315_1348,0.08819795718738177
2017_1315_1355,0.3757323216616498
2017_1315_1371,0.06749517135445682
2017_1315_1374,0.0468577428076864
2017_1315_1376,0.10535615946880872
2017_1315_1388,0.06751715499106836
2017_1315_1407,0.47982879551232827
2017_1315_1411,0.4999410550480108
2017_1315_1413,0.49101017015731163
2017_1315_1417,0.038730497686926824
2017_1315_1423,0.14414276551345429
2017_1315_1425,0.08655131852670395
2017_1315_1433,0.09466703222558781
2017_1315_1435,0.13884319670334255
2017_1315_1436,0.23111241863879273
2017_1315_1437,0.02286931335789244
2017_1315_1438,0.03917280729107675
2017_1315_1439,0.10190802094462226
2017_1315_1448,0.12641115807462366
2017_1315_1452,0.02575899457190156
2017_1315_1455,0.05128005111528511
2017_1315_1457,0.4179541761031833
2017_1315_1458,0.06099166364191577
2017_1315_1462,0.07681990442718456
2017_1321_1323,0.2406349612946005
2017_1321_1329,0.45921848461206094
2017_1321_1332,0.2931483245956108
2017_1321_1343,0.7396226081007002
2017_1321_1344,0.533981032762626
2017_1321_1345,0.38828321239779784
2017_1321_1348,0.4923827726122175
2017_1321_1355,0.8578645289241624
2017_1321_1371,0.4205659784599529
2017_1321_1374,0.3302001251708516
2017_1321_1376,0.5414766554768559
2017_1321_1388,0.42065108448708977
2017_1321_1407,0.9024404027360193
2017_1321_1411,0.9093011830037195
2017_1321_1413,0.9063112476651103
2017_1321_1417,0.28776584285498075
2017_1321_1423,0.6280986233439858
2017_1321_1425,0.48722232244159214
2017_1321_1433,0.5118554910754639
2017_1321_1435,0.6178509305825861
2017_1321_1436,0.750883026189025
2017_1321_1437,0.1900852125290684
2017_1321_1438,0.290193610690926
2017_1321_1439,0.5322466794507947
2017_1321_1448,0.5920140815710202
2017_1321_1452,0.20957203523861745
2017_1321_1455,0.35150188915943437
2017_1321_1457,0.8780604980613628
2017_1321_1458,0.3944321865280451
2017_1321_1462,0.4548749388313208
2017_1323_1329,0.7301252848872269
2017_1323_1332,0.5692042894652749
2017_1323_1343,0.9004966861868265
2017_1323_1344,0.784972294152585
2017_1323_1345,0.6691212183603732
2017_1323_1348,0.7555206539189723
2017_1323_1355,0.9505657169287213
2017_1323_1371,0.6981064496666991
2017_1323_1374,0.6109880866888836
2017_1323_1376,0.7900183960180696
2017_1323_1388,0.6981800458988451
2017_1323_1407,0.9671812768975842
2017_1323_1411,0.9696423755459272
2017_1323_1413,0.9685728703756816
2017_1323_1417,0.5627887700469726
2017_1323_1423,0.8432770626126771
2017_1323_1425,0.7516862062530709
2017_1323_1433,0.7696220642718778
2017_1323_1435,0.8374238741747073
2017_1323_1436,0.9056870122361415
2017_1323_1437,0.4278302942295815
2017_1323_1438,0.5656939252119197
2017_1323_1439,0.7837938275461535
2017_1323_1448,0.8221592049574942
2017_1323_1452,0.4579099835766215
2017_1323_1455,0.6332775619928392
2017_1323_1457,0.9582311431360008
2017_1323_1458,0.6748114676317847
2017_1323_1462,0.7266625001048536
2017_1329_1332,0.3305249603876729
2017_1329_1343,0.7717710099870719
2017_1329_1344,0.5769986172769477
2017_1329_1345,0.4304037709906715
2017_1329_1348,0.5359028953165903
2017_1329_1355,0.8778253427059135
2017_1329_1371,0.46353485975321274
2017_1329_1374,0.3698291981299716
2017_1329_1376,0.5843409232231722
2017_1329_1388,0.4636217037051834
2017_1329_1407,0.9167487000809186
2017_1329_1411,0.9226894646347273
2017_1329_1413,0.9201021007791854
2017_1329_1417,0.32477152337844406
2017_1329_1423,0.6678326996098736
2017_1329_1425,0.5307632428185147
2017_1329_1433,0.5552142310313957
2017_1329_1435,0.6580838645076963
2017_1329_1436,0.7820508116501446
2017_1329_1437,0.21838100367147562
2017_1329_1438,0.32736799438230924
2017_1329_1439,0.5752970272280316
2017_1329_1448,0.6333529542869584
2017_1329_1452,0.23990934908121964
2017_1329_1455,0.3921905603378263
2017_1329_1457,0.8955304795035024
2017_1329_1458,0.43674354119071335
2017_1329_1462,0.49833443657704246
2017_1332_1343,0.8699206833115036
2017_1332_1344,0.7295584803986381
2017_1332_1345,0.5990996992189546
2017_1332_1348,0.6954615550411942
2017_1332_1355,0.9342518942892
2017_1332_1371,0.6308346727020051
2017_1332_1374,0.5371736795759661
2017_1332_1376,0.7354667567771705
2017_1332_1388,0.630915998204965
2017_1332_1407,0.9560975101893259
2017_1332_1411,0.9593548583866138
2017_1332_1413,0.9579386435555088
2017_1332_1417,0.4875001148236888
2017_1332_1423,0.7990420932831132
2017_1332_1425,0.6910703024936407
2017_1332_1433,0.7117052628442349
2017_1332_1435,0.7919444458793908
2017_1332_1436,0.8764871653998821
2017_1332_1437,0.3558993771974345
2017_1332_1438,0.49045259724645907
2017_1332_1439,0.7281814801550158
2017_1332_1448,0.7735642387027934
2017_1332_1452,0.38431869189466494
2017_1332_1455,0.5606512801722247
2017_1332_1457,0.9442987565442342
2017_1332_1458,0.6052837826443342
2017_1332_1462,0.6626792765672738
2017_1343_1344,0.28959782953339563
2017_1343_1345,0.18422113352328828
2017_1343_1348,0.25655660032264105
2017_1343_1355,0.6822634961247764
2017_1343_1371,0.20522983168260123
2017_1343_1374,0.1492174255298706
2017_1343_1376,0.295840733260472
2017_1343_1388,0.2052868004596906
2017_1343_1407,0.7669497416960874
2017_1343_1411,0.7810267792382495
2017_1343_1413,0.7748552274535769
2017_1343_1417,0.1256773360570702
2017_1343_1423,0.3753333531138985
2017_1343_1425,0.25263764748215356
2017_1343_1433,0.2716947214750254
2017_1343_1435,0.3651604101533137
2017_1343_1436,0.5174567160982557
2017_1343_1437,0.07706364436539348
2017_1343_1438,0.1269814287306401
2017_1343_1439,0.2881664043702167
2017_1343_1448,0.34047586981765166
2017_1343_1452,0.08619704494381764
2017_1343_1455,0.16166166862817843
2017_1343_1457,0.7192447469877594
2017_1343_1458,0.18813238675664334
2017_1343_1462,0.2289120128132529
2017_1344_1345,0.35561589968423457
2017_1344_1348,0.4575075895339473
2017_1344_1355,0.8399365717903338
2017_1344_1371,0.3869004763470404
2017_1344_1374,0.3000227734901796
2017_1344_1376,0.5065944662573079
2017_1344_1388,0.3869833196751813
2017_1344_1407,0.8894101180253478
2017_1344_1411,0.8970827373174308
2017_1344_1413,0.8937370849780669
2017_1344_1417,0.25996144000949917
2017_1344_1423,0.5948758440893602
2017_1344_1425,0.4523869081587102
2017_1344_1433,0.4768968379622075
2017_1344_1435,0.5843185548121517
2017_1344_1436,0.72380561692587
2017_1344_1437,0.16947312378745927
2017_1344_1438,0.26224100225272484
2017_1344_1439,0.49731418741109457
2017_1344_1448,0.5578370477576045
2017_1344_1452,0.18733563262991137
2017_1344_1455,0.32030873195280796
2017_1344_1457,0.862270938833281
2017_1344_1458,0.361553310205061
2017_1344_1462,0.42045592184866787
2017_1345_1348,0.6020166601628111
2017_1345_1355,0.9039592596742209
2017_1345_1371,0.5309343923466485
2017_1345_1374,0.43464264727286595
2017_1345_1376,0.648085638553453
2017_1345_1388,0.5310213644350987
2017_1345_1407,0.9351715506547095
2017_1345_1411,0.9398838795019832
2017_1345_1413,0.9378331926363245
2017_1345_1417,0.38653201426304096
2017_1345_1423,0.7248034085152373
2017_1345_1425,0.5970586666111406
2017_1345_1433,0.6205249813718909
2017_1345_1435,0.7160156088951597
2017_1345_1436,0.8245774681299568
2017_1345_1437,0.2679378545479749
2017_1345_1438,0.3893375428413517
2017_1345_1439,0.6395732112470703
2017_1345_1448,0.6935234910527759
2017_1345_1452,0.2925232201169573
2017_1345_1455,0.45807423701225425
2017_1345_1457,0.9182299418771843
2017_1345_1458,0.5039066499122118
2017_1345_1462,0.5654604831139045
2017_1348_1355,0.8654451110699258
2017_1348_1371,0.4361396168008158
2017_1348_1374,0.34441652395823963
2017_1348_1376,0.5572219289088691
2017_1348_1388,0.4362255017269224
2017_1348_1407,0.9078988361184666
2017_1348_1411,0.9144121629007876
2017_1348_1413,0.9115743292000406
2017_1348_1417,0.30097623020466246
2017_1348_1423,0.6428314284453877
2017_1348_1425,0.5031210419837939
2017_1348_1433,0.5277307706409222
2017_1348_1435,0.6327523321023102
2017_1348_1436,0.762590282937307
2017_1348_1437,0.20007104135307652
2017_1348_1438,0.3034679620439692
2017_1348_1439,0.5480443532774761
2017_1348_1448,0.6072825881010453
2017_1348_1452,0.22030311676809056
2017_1348_1455,0.36613408244878765
2017_1348_1457,0.8847087164780765
2017_1348_1458,0.40972238168674724
2017_1348_1462,0.47068701591416784
2017_1355_1371,0.1082855575878432
2017_1355_1374,0.07619509671854008
2017_1355_1376,0.1649795098180703
2017_1355_1388,0.10831928366997456
2017_1355_1407,0.6074761170582795
2017_1355_1411,0.6264947491411893
2017_1355_1413,0.6180975102253559
2017_1355_1417,0.06331745667824173
2017_1355_1423,0.22031094900525605
2017_1355_1425,0.1371642103535914
2017_1355_1433,0.1492503410229199
2017_1355_1435,0.21290761677192238
2017_1355_1436,0.3352362052645391
2017_1355_1437,0.03778301521036442
2017_1355_1438,0.06402185315825648
2017_1355_1439,0.159928827569235
2017_1355_1448,0.19534820962302235
2017_1355_1452,0.04247522087094169
2017_1355_1455,0.08314465919592429
2017_1355_1457,0.546432510921342
2017_1355_1458,0.09826586132445192
2017_1355_1462,0.12250531875513737
2017_1371_1374,0.387515077284298
2017_1371_1376,0.6024776099794815
2017_1371_1388,0.48235964774689166
2017_1371_1407,0.9223096315013595
2017_1371_1411,0.9278847870791979
2017_1371_1413,0.9254572489750861
2017_1371_1417,0.3414702515824978
2017_1371_1423,0.6842945919247112
2017_1371_1425,0.5494351302692555
2017_1371_1433,0.5736946342714553
2017_1371_1435,0.6747936294996841
2017_1371_1436,0.7945931890922285
2017_1371_1437,0.23148480711981922
2017_1371_1438,0.3441321850728635
2017_1371_1439,0.5935538499735088
2017_1371_1448,0.6506296961082426
2017_1371_1452,0.25388534603170054
2017_1371_1455,0.4102496316204618
2017_1371_1457,0.9023577660921822
2017_1371_1458,0.45531731348413484
2017_1371_1462,0.5171227459534667
2017_1374_1376,0.7030352601371904
2017_1374_1388,0.5927640512599144
2017_1374_1407,0.9488332951182943
2017_1374_1411,0.952602893663739
2017_1374_1413,0.9509634426146043
2017_1374_1417,0.44750547816660247
2017_1374_1423,0.7719884639157127
2017_1374_1425,0.6557435810135497
2017_1374_1433,0.6776374882206917
2017_1374_1435,0.7642172606616116
2017_1374_1436,0.8580067211982537
2017_1374_1437,0.319960856486332
2017_1374_1438,0.45042862389665095
2017_1374_1439,0.6952269394855795
2017_1374_1448,0.744178815704831
2017_1374_1452,0.34705670296054014
2017_1374_1455,0.5207532903590681
2017_1374_1457,0.9352145754325949
2017_1374_1458,0.5663035957930644
2017_1374_1462,0.6258636353813448
2017_1376_1388,0.38152957294208056
2017_1376_1407,0.887122447741706
2017_1376_1411,0.8949350344149203
2017_1376_1413,0.8915280063022817
2017_1376_1417,0.2555515542044705
2017_1376_1423,0.5893087889241388
2017_1376_1425,0.4466830623771283
2017_1376_1433,0.47114984238511304
2017_1376_1435,0.5787091669736462
2017_1376_1436,0.7191738870890441
2017_1376_1437,0.16625339943296924
2017_1376_1438,0.2578059180968102
2017_1376_1439,0.4915523516612932
2017_1376_1448,0.5521442030682695
2017_1376_1452,0.18385167176035166
2017_1376_1455,0.3153113135488055
2017_1376_1457,0.8595105436357509
2017_1376_1458,0.356249675732383
2017_1376_1462,0.41484968164946445
2017_1388_1407,0.930923093580267
2017_1388_1411,0.9359230796223071
2017_1388_1413,0.9337468056709621
2017_1388_1417,0.3705302675940486
2017_1388_1423,0.7110287136663587
2017_1388_1425,0.5805898255985521
2017_1388_1433,0.6043797275736833
2017_1388_1435,0.7019819089408643
2017_1388_1436,0.814518850218714
2017_1388_1437,0.2548064792361904
2017_1388_1438,0.37329032487715563
2017_1388_1439,0.6237469868219262
2017_1388_1448,0.6788767856331221
2017_1388_1452,0.27864556402486673
2017_1388_1455,0.44124100685443024
2017_1388_1457,0.912974553980471
2017_1388_1458,0.4869024136784783
2017_1388_1462,0.5486764100112814
2017_1407_1411,0.5137288736917169
2017_1407_1413,0.5048003241658856
2017_1407_1417,0.0408373960843369
2017_1407_1423,0.15108271807899953
2017_1407_1425,0.09101331770256116
2017_1407_1433,0.09950184727940559
2017_1407_1435,0.14557139312541156
2017_1407_1436,0.2410602600648044
2017_1407_1437,0.024135043507284237
2017_1407_1438,0.04130273303313037
2017_1407_1439,0.10706891078120573
2017_1407_1448,0.13262969527386048
2017_1407_1452,0.027180208915529303
2017_1407_1455,0.05403125966086364
2017_1407_1457,0.43143168417018685
2017_1407_1458,0.06422863241122323
2017_1407_1462,0.08082460848949824
2017_1411_1413,0.48736690536071836
2017_1411_1417,0.0381913156916297
2017_1411_1423,0.14235341747590613
2017_1411_1425,0.08540555271719985
2017_1411_1433,0.09342481886048026
2017_1411_1435,0.1371090968377806
2017_1411_1436,0.22853173386970504
2017_1411_1437,0.022545762043098216
2017_1411_1438,0.038627715171278054
2017_1411_1439,0.10058134801651497
2017_1411_1448,0.12480982581458078
2017_1411_1452,0.025395623060901373
2017_1411_1455,0.05057535389151124
2017_1411_1457,0.41441163647758383
2017_1411_1458,0.06016197125851419
2017_1411_1462,0.07579227397118304
2017_1413_1417,0.041786367713177563
2017_1413_1423,0.1541817402774477
2017_1413_1425,0.09301519658161339
2017_1413_1433,0.10166955190657534
2017_1413_1435,0.14857715228694113
2017_1413_1436,0.24547123169784135
2017_1413_1437,0.024705886310572356
2017_1413_1438,0.042262041619339
2017_1413_1439,0.1093814439209706
2017_1413_1448,0.13541058346507306
2017_1413_1452,0.027821022717554378
2017_1413_1455,0.05526916098086021
2017_1413_1457,0.4373188630749927
2017_1413_1458,0.06568394179331338
2017_1413_1462,0.08262275227116556
2017_1417_1423,0.8080228176181665
2017_1417_1425,0.7030832352010667
2017_1417_1433,0.7232371418837304
2017_1417_1435,0.8011634301487116
2017_1417_1436,0.8825157756691693
2017_1417_1437,0.3690460835507592
2017_1417_1438,0.5046752039990265
2017_1417_1439,0.7392957229429346
2017_1417_1448,0.7833748777911768
2017_1417_1452,0.3978667243968189
2017_1417_1455,0.5746139402707324
2017_1417_1457,0.9472168348451839
2017_1417_1458,0.6187924535472895
2017_1417_1462,0.6752774597622839
2017_1423_1425,0.3601460129616586
2017_1423_1433,0.3831550947234492
2017_1423_1435,0.489208632522372
2017_1423_1436,0.6410026762792264
2017_1423_1437,0.12206003438693924
2017_1423_1438,0.1949670651598846
2017_1423_1439,0.40264828883927106
2017_1423_1448,0.462244291597005
2017_1423_1452,0.13574196297253383
2017_1423_1455,0.24304584020730569
2017_1423_1457,0.8100879630156533
2017_1423_1458,0.2784168939832278
2017_1423_1462,0.33079284216182603
2017_1425_1433,0.5172618966329072
2017_1425_1435,0.6229481630471041
2017_1425_1436,0.7549097149129378
2017_1425_1437,0.19343976672587326
2017_1425_1438,0.29467206968851156
2017_1425_1439,0.537631250458473
2017_1425_1448,0.597231281082835
2017_1425_1452,0.2131799678214552
2017_1425_1455,0.35645135937529815
2017_1425_1457,0.8803590481581216
2017_1425_1458,0.3996136546190786
2017_1425_1462,0.4602469485641526
2017_1433_1435,0.603888402969776
2017_1433_1436,0.7397335823591333
2017_1433_1437,0.181205766114923
2017_1433_1438,0.278244356020647
2017_1433_1439,0.517598474230184
2017_1433_1448,0.5777526965783555
2017_1433_1452,0.2000070952720443
2017_1433_1455,0.3382310984398067
2017_1433_1457,0.8716299041104512
2017_1433_1458,0.38049155788571676
2017_1433_1462,0.44035147676720077
2017_1435_1436,0.6594989781374905
2017_1435_1437,0.13104829732582224
2017_1435_1438,0.2080517924799088
2017_1435_1439,0.422358482881396
2017_1435_1448,0.4825153161236362
2017_1435_1452,0.1455706817562844
2017_1435_1455,0.2583218634821366
2017_1435_1457,0.8222878535421941
2017_1435_1458,0.29504952053494815
2017_1435_1462,0.34904089180019393
2017_1436_1437,0.07082261989355565
2017_1436_1438,0.11721119985548267
2017_1436_1439,0.26982736365605653
2017_1436_1448,0.32030578974930224
2017_1436_1452,0.07927988653434936
2017_1436_1455,0.14968056355260184
2017_1436_1457,0.7004676639944426
2017_1436_1458,0.17459805661630579
2017_1436_1462,0.21321443365008141
2017_1437_1438,0.6248715765391148
2017_1437_1439,0.8225744105377238
2017_1437_1448,0.8553284319230778
2017_1437_1452,0.5192940741470183
2017_1437_1455,0.6883201735952276
2017_1437_1457,0.9670389463906209
2017_1437_1458,0.7263142685451746
2017_1437_1462,0.772719104735862
2017_1438_1439,0.7325652926958856
2017_1438_1448,0.7774398338020762
2017_1438_1452,0.3895995069746552
2017_1438_1455,0.5661271095808994
2017_1438_1457,0.9454581578799865
2017_1438_1458,0.6105897068468393
2017_1438_1462,0.667637318779369
2017_1439_1448,0.5621895825099573
2017_1439_1452,0.19003979568426044
2017_1439_1455,0.3241666871122697
2017_1439_1457,0.8643554059193705
2017_1439_1458,0.3656407972492157
2017_1439_1462,0.42476628250987314
2017_1448_1452,0.15977333818656658
2017_1448_1455,0.27992119933108905
2017_1448_1457,0.8377772612523585
2017_1448_1458,0.3184014504157451
2017_1448_1462,0.3743965367017996
2017_1452_1455,0.6532505145366209
2017_1452_1457,0.9615797404197597
2017_1452_1458,0.6936167483003131
2017_1452_1462,0.7436085555137371
2017_1455_1457,0.931838493826859
2017_1455_1458,0.5528937892547782
2017_1455_1462,0.6130370335749342
2017_1457_1458,0.08345067607061085
2017_1457_1462,0.10445898413821142
2017_1458_1462,0.5563738075246493
